source1_entity_id	matched_entity_ids
S1-714132312	
S1-307330189	
S1-251011052	S2-550613230
S1-129137876	
S1-114167540	S3-385452627
S1-316626845	S3-712725622,S3-616061274
S1-151025271	
S1-364571908	
S1-439617663	
S1-457813192	
S1-483035706	
S1-690354332	
S1-630662861	
S1-106852248	
S1-484696107	
S1-997775051	
S1-275726462	S3-578751073
S1-641279527	
S1-350083324	
S1-720492993	
S1-256305204	
S1-763065756	
S1-836178084	
S1-6960451	
S1-536250131	
S1-289406724	S3-753921700
S1-299895732	S3-296351879
S1-526437366	
S1-819826109	
S1-629208774	
S1-21411075	
S1-810646158	
S1-271349189	
S1-315230560	S3-736131515
S1-18253273	
S1-191401210	
S1-917943983	
S1-50060414	
S1-191728391	
S1-512391885	
S1-221062510	
S1-19056795	
S1-729330827	
S1-806780528	
S1-910376469	
S1-544570934	
S1-681391141	
S1-880512866	
S1-563894004	
S1-915545886	S2-468907757
S1-380525325	
S1-482959195	
S1-905699466	S3-972212305
S1-504622244	
S1-420798105	
S1-229324445	
S1-936127353	S2-29347975
S1-772763578	
S1-181280026	
S1-148795568	S2-275471376
S1-599260372	
S1-448777893	S2-403001935
S1-863195777	
S1-18937231	
S1-318653607	S2-47120590
S1-649319683	
S1-195047917	
S1-670276382	
S1-850272153	
S1-759154909	
S1-920144659	
S1-341869004	
S1-500079940	S3-292836621
S1-196051481	
S1-27907794	
S1-965606696	
S1-28051998	
S1-112354183	
S1-559254982	
S1-346688095	
S1-737587837	
S1-604377529	S2-375963696,S3-33248073
S1-691271916	
S1-244091486	
S1-628435102	
S1-109130720	
S1-876110016	S2-726655751
S1-133887761	S2-689070985
S1-47937108	
S1-938188900	
S1-130868572	
S1-777723607	
S1-58541391	
S1-998318842	
S1-320320346	
S1-156905861	
S1-355061840	
S1-872019086	
S1-144193973	
S1-838732402	S3-689671776
S1-895798399	
S1-419337600	
S1-291719464	
S1-524896994	S2-284015039
S1-936155153	S3-610130998
S1-119061292	
S1-582298774	
S1-552789005	
S1-827532480	
S1-937212204	
S1-828818894	
S1-456997362	S3-713529730
S1-778776124	
S1-918326384	
S1-684401903	S2-380524599
S1-606900852	
S1-751818428	
S1-684799976	
S1-622735939	
S1-37538731	
S1-400335845	
S1-657703350	
S1-941711640	
S1-722879537	
S1-167578228	S3-15643913
S1-832423637	
S1-259577764	
S1-120850947	
S1-271675817	
S1-154951628	
S1-714440043	S2-478636503
S1-295582140	
S1-218196976	
S1-76864392	
S1-524683717	
S1-966137812	
S1-787098683	
S1-535833971	S2-580592154
S1-949448599	
S1-815102127	
S1-194978357	
S1-878481792	
S1-332952101	
S1-943268215	
S1-710478957	
S1-238815468	
S1-41421373	
S1-995867974	
S1-5439248	
S1-145870241	
S1-982498162	S2-355132449
S1-670431835	S3-217546356
S1-478638381	
S1-679604631	S3-348400759
S1-618211738	
S1-378200645	
S1-856549451	S3-493484499
S1-297068819	
S1-993048807	
S1-863476688	S2-329067371
S1-823893174	
S1-321322699	
S1-468406196	
S1-882275223	
S1-347911391	
S1-25642958	S3-874601301
S1-460019566	
S1-747608682	S3-258621400,S2-141050531
S1-764064588	S2-338205498,S2-505438696
S1-718173781	
S1-338864100	
S1-785009382	
S1-496365779	
S1-132379527	S2-808239768
S1-867945207	
S1-126667952	
S1-100904269	
S1-311769369	
S1-341092056	
S1-135522471	
S1-500720764	
S1-82915617	
S1-518055222	
S1-512997227	
S1-859435076	S2-958869995
S1-123093485	
S1-5791241	
S1-594004077	
S1-989875803	
S1-863882258	
S1-418158598	S2-845229931
S1-868211840	
S1-50239274	
S1-239388389	
S1-656507723	S3-160286033
S1-612557809	
S1-524760808	
S1-845864682	
S1-773220591	
S1-698994878	
S1-603284659	
S1-656874389	
S1-529771139	
S1-449955980	
S1-792667780	
S1-787126331	
S1-678662665	
S1-510815236	
S1-588867788	
S1-264398594	
S1-569516166	S3-826711642
S1-839502344	
S1-610408882	
S1-796961264	
S1-712981602	
S1-103555169	
S1-536078425	
S1-864954120	
S1-649520672	
S1-135786895	
S1-457679987	
S1-307630554	
S1-20859955	
S1-560429946	S3-492496310
S1-439985658	S2-647247561
S1-137219623	
S1-428832101	
S1-673823176	
S1-867092339	
S1-642848611	
S1-198066521	
S1-207816096	
S1-783904594	
S1-300150823	
S1-339643044	S3-203434574
S1-574524691	
S1-797496224	
S1-694325902	
S1-996855944	
S1-984973291	S2-13195193
S1-346586581	
S1-159134866	S2-867612220
S1-780052521	
S1-432221870	
S1-987947315	
S1-490828426	
S1-187704926	
S1-342536618	S2-586150126
S1-687666524	
S1-927369654	
S1-534863877	
S1-448954128	
S1-219581906	
S1-727223693	
S1-956219040	
S1-232944363	
S1-973588672	
S1-817913360	
S1-693367368	
S1-261857585	
S1-848337066	S3-712761597
S1-587669430	
S1-716974390	
S1-20230927	
S1-685124312	
S1-423946120	
S1-601112561	
S1-902238233	
S1-8064426	
S1-363687118	
S1-67246635	
S1-475425016	S2-217869470,S3-973075423
S1-554112602	S3-491027371
S1-74938241	
S1-632951796	S2-764108943
S1-807225525	
S1-142151502	
S1-743356508	S2-644934530
S1-951204259	
S1-734948958	
S1-396191590	
S1-349819185	
S1-641185423	
S1-772104159	
S1-706663315	
S1-630484810	
S1-783663825	
S1-682860560	
S1-586817766	
S1-494325785	
S1-607964419	
S1-377940714	
S1-592062567	
S1-383416563	
S1-90930373	
S1-704854783	S2-183929126
S1-594428594	
S1-311491355	
S1-500033689	
S1-660327317	
S1-156447849	
S1-941330807	S2-300545741
S1-965333478	
S1-431142134	
S1-137432396	
S1-439460463	
S1-808278481	
S1-377846706	
S1-215771730	
S1-835372532	
S1-541835000	
S1-909939171	S3-317926002
S1-488835793	
S1-367021400	
S1-729215370	
S1-265891473	
S1-844971173	S2-531746601
S1-308526612	
S1-624376460	
S1-965399414	
S1-212217314	
S1-496130504	S3-989019080
S1-223356527	
S1-705436013	
S1-34703515	
S1-637342629	S2-364443383
S1-911502507	
S1-951299130	S2-284225980,S2-286771345
S1-975218622	
S1-458551986	
S1-936680788	
S1-876941175	
S1-173368345	
S1-931028152	S2-418085739,S3-904436987
S1-269403140	
S1-717413708	
S1-165079028	
S1-485224683	S3-882990803
S1-238763974	
S1-693647585	S2-83448282
S1-80051111	
S1-767505870	
S1-154350773	
S1-852141701	
S1-850543460	
S1-418001610	S3-466934187
S1-143577376	
S1-815293245	
S1-772584112	S2-746465690
S1-221142238	
S1-813952764	S3-475801178,S3-653419308
S1-137896119	
S1-204317158	
S1-159361314	S3-730445984
S1-309273704	
S1-644607726	
S1-677886131	
S1-873829399	
S1-923682426	S3-314875139
S1-107271877	
S1-20762037	
S1-181264758	
S1-153211076	S2-786412290
S1-407773734	
S1-164423048	
S1-155562593	
S1-671499189	S2-338536159
S1-653475277	
S1-735799939	
S1-275409495	S3-316092665
S1-578349012	
S1-663172878	
S1-391328488	S2-305069146
S1-403214662	
S1-660516708	S2-795914066
S1-85114315	
S1-720175264	
S1-452410559	S2-235642522
S1-715333880	
S1-646437684	
S1-893434209	
S1-397455982	S2-648167502
S1-116015205	S2-838243141
S1-702079521	
S1-148851357	
S1-382946967	
S1-207267156	S2-232060933
S1-38592875	S2-978926539
S1-549778531	
S1-882604731	
S1-187860934	
S1-283070212	S2-440198743
S1-478644559	S2-362638212
S1-353762450	
S1-639455291	
S1-863490994	
S1-790704035	
S1-882364751	
S1-288215361	
S1-726633761	
S1-126364816	
S1-944780788	
S1-2883734	
S1-977580414	
S1-710906288	
S1-689994847	
S1-830551853	
S1-220424254	
S1-641522133	
S1-9065636	
S1-583100743	
S1-151656099	
S1-57638921	
S1-606220112	
S1-780678014	
S1-365754876	
S1-429366975	
S1-658994762	
S1-659014043	
S1-635824949	
S1-140763770	
S1-708284360	
S1-469825949	
S1-112483904	
S1-357230841	
S1-29558428	S3-334626052
S1-589548109	
S1-960537042	
S1-742878403	
S1-253349924	S2-890349398
S1-265926153	
S1-835606869	
S1-288105451	
S1-203059250	
S1-17935106	
S1-425708665	
S1-383752607	
S1-777523559	
S1-484512772	S2-959388890,S2-904217760
S1-31622694	S3-265614020,S2-647700244
S1-403273486	
S1-355906256	
S1-574151276	
S1-968216411	
S1-847606592	
S1-176183426	
S1-382704248	
S1-363621236	
S1-34985067	
S1-463808039	S2-521975901
S1-163698608	
S1-567488069	
S1-113993118	
S1-682404484	
S1-747915928	
S1-314059647	
S1-940616999	S3-442928682
S1-124163904	S2-773243171
S1-294261679	
S1-857379209	
S1-357614810	S2-915109206
S1-273882410	S2-76403019,S2-193301539
S1-866969245	
S1-79569528	
S1-466743547	
S1-389310321	S3-133542743
S1-284319919	
S1-938882026	
S1-883403733	S3-960546740
S1-906111872	
S1-896596569	S3-138369043
S1-725794078	
S1-798754770	
S1-437857680	S2-290758456
S1-549991710	
S1-942907917	S2-601673841
S1-236832336	
S1-526116264	
S1-198103082	
S1-320484060	
S1-318580340	
S1-754043861	S3-444411776
S1-235458440	
S1-561670647	
S1-458597107	
S1-499598642	
S1-440496115	
S1-932876605	
S1-701937231	
S1-808127716	
S1-718661332	
S1-791175489	
S1-241433555	
S1-455726734	
S1-266289665	
S1-590221748	
S1-288024510	
S1-145267308	
S1-75627884	
S1-929313816	
S1-916157982	
S1-689081519	
S1-623699677	
S1-609981841	
S1-611951197	
S1-720251429	
S1-275029207	
S1-209443519	S3-365708635,S3-141733568
S1-726078332	
S1-770232363	
S1-901526098	
S1-988753820	
S1-939032324	
S1-627557858	S2-863038126
S1-148864053	
S1-645546001	
S1-597373771	
S1-693123402	
S1-463588704	
S1-513114574	
S1-513618060	
S1-492833000	
S1-686801145	
S1-891735334	
S1-612947653	
S1-336925326	
S1-853795918	
S1-594471296	S3-485452646
S1-230858481	
S1-426846033	
S1-434770766	
S1-789220965	S2-831800675
S1-954320856	
S1-790453465	
S1-218818033	
S1-280878457	
S1-87968307	
S1-806905361	
S1-572165152	
S1-712055282	
S1-372544157	
S1-720637119	
S1-936966127	
S1-686233793	
S1-488054588	
S1-610951258	
S1-847672650	
S1-345048626	
S1-629624276	
S1-346622303	
S1-97082770	
S1-749746670	S3-158636659
S1-605417682	
S1-507623017	S2-511387629
S1-303415345	
S1-198748016	S3-639999408
S1-280968064	
S1-394678898	
S1-666941985	
S1-195444628	
S1-175996327	
S1-361854294	
S1-426645779	
S1-736361419	
S1-638897565	
S1-383714791	S2-385693514
S1-592738419	
S1-451957734	S3-985731197
S1-68914680	S2-511020069
S1-447875391	
S1-423259557	
S1-539987966	
S1-485808733	S3-212453808
S1-165711018	
S1-376927037	
S1-376743951	
S1-223250400	
S1-56787381	
S1-925756996	
S1-752578402	
S1-219723445	
S1-796149373	
S1-752688143	
S1-527862681	
S1-765731027	
S1-563032759	S2-927288609
S1-575796310	
S1-239443937	
S1-924089638	
S1-487713681	
S1-677018979	
S1-980674661	S2-149251609
S1-245636007	
S1-25120653	
S1-340922570	
S1-89773066	
S1-275781607	
S1-791459879	
S1-870083668	
S1-684453776	
S1-966150261	
S1-929947142	S2-223601570
S1-710220126	
S1-862872110	
S1-564621209	
S1-347947068	
S1-895142572	
S1-819864309	
S1-672992448	
S1-101558459	
S1-990261719	
S1-249220892	
S1-155677866	
S1-181770979	S3-48227168,S3-843143986
S1-515517359	S2-827728915,S2-44307970
S1-200828174	
S1-960664656	
S1-427524682	
S1-893154827	
S1-894999590	
S1-680372660	S2-516999207
S1-201290231	
S1-415386900	
S1-579362318	
S1-934511523	
S1-821567972	
S1-368832071	
S1-803522909	
S1-630353995	
S1-874494912	
S1-274046328	
S1-352460172	
S1-49242153	
S1-347073020	
S1-950556957	
S1-8637950	
S1-502928409	S2-914178189
S1-61298239	
S1-953667196	
S1-916697713	
S1-901354861	
S1-851038908	
S1-291077388	
S1-407544974	
S1-871803183	
S1-679771858	S3-463443643
S1-367524124	
S1-970480947	
S1-208938728	S3-715693524
S1-909076821	
S1-820096023	
S1-631955093	
S1-744738522	
S1-429227609	
S1-67753553	S2-224836663,S2-644193488
S1-874707809	
S1-500671895	
S1-474810906	
S1-837733166	
S1-225047109	S3-23697052
S1-286051011	
S1-179054149	
S1-112105337	S3-525250005,S3-156002603
S1-595318735	
S1-883283343	
S1-88216182	
S1-167094145	
S1-239725512	S3-650893280
S1-359390696	
S1-167055548	
S1-329121692	
S1-633547421	
S1-151874963	S2-128492356
S1-505105561	S2-283609866
S1-320936893	
S1-62232722	
S1-766016611	
S1-890517972	S2-253811462
S1-898167221	
S1-151227337	
S1-901200169	
S1-291508483	
S1-680871286	
S1-382593053	
S1-814445742	
S1-977294775	
S1-762121144	
S1-57542059	
S1-880059269	
S1-931853292	
S1-874292311	
S1-113442257	
S1-667739612	
S1-520270352	
S1-60120476	S3-541999032
S1-8356750	
S1-126781793	
S1-29841709	
S1-190592632	
S1-159400132	S2-129242104,S3-180640309
S1-666929552	S2-663340702
S1-741563966	S3-32863695
S1-609437395	
S1-264581896	
S1-343196599	
S1-443249975	
S1-229735838	S2-46631265,S3-943260374,S3-372005525
S1-518824962	
S1-250171637	
S1-894385175	
S1-905653950	
S1-317658719	
S1-294659798	S2-545104392
S1-624907616	
S1-685723981	S2-950910187
S1-885176539	
S1-631218416	
S1-443916211	
S1-151623622	
S1-896967762	
S1-745690758	
S1-841692862	
S1-883488616	
S1-912951600	
S1-19710355	
S1-29095689	S2-386205003
S1-514143127	
S1-469452880	
S1-415853515	S2-236270026
S1-504579807	
S1-406843424	
S1-521062054	
S1-466712270	
S1-409906787	
S1-657096427	
S1-179717752	
S1-955662904	
S1-996612364	
S1-485127062	
S1-300960643	
S1-583840178	
S1-39863415	
S1-972061511	
S1-603615567	
S1-78467178	
S1-842613035	
S1-850220835	
S1-557668076	S3-412046965
S1-742262716	
S1-697441996	
S1-305857475	
S1-168124063	
S1-153136442	
S1-711762542	
S1-187068657	
S1-656161674	
S1-150228781	S3-936567241
S1-131809621	
S1-702675937	
S1-360052033	S3-356056786
S1-21235455	
S1-794338214	
S1-611006974	
S1-252509536	
S1-185688741	S3-948433553
S1-485566980	
S1-884006833	
S1-797591885	
S1-626389912	S3-538069118,S2-336597243
S1-492667992	
S1-422977043	
S1-765937921	
S1-418699977	
S1-11637366	
S1-425624750	S2-749886556
S1-973947984	
S1-245196172	
S1-502110616	
S1-446885421	
S1-860309763	
S1-776115902	
S1-926884054	
S1-60697006	S3-930816799
S1-870561919	
S1-42935359	
S1-357279719	
S1-360516332	S2-43089743
S1-246750948	
S1-82961913	S2-196666368
S1-306973596	
S1-787133016	
S1-264035158	S2-333659527
S1-527339234	
S1-490848540	
S1-723199435	
S1-499950399	
S1-728773043	
S1-779832535	
S1-164642734	
S1-128782070	
S1-743217645	
S1-155833662	
S1-941135456	
S1-37128476	
S1-501632003	
S1-109952489	
S1-127486652	S3-664071317
S1-389375119	
S1-475471524	
S1-610310365	
S1-753538671	
S1-281295835	S3-906123561
S1-913767610	
S1-702401998	
S1-264498090	
S1-72327085	S3-953654035
S1-34342001	
S1-814539456	
S1-39766923	
S1-891752744	
S1-51849474	
S1-332063146	
S1-565471009	
S1-829056693	S3-740368740
S1-887081846	
S1-846113134	
S1-930304945	S2-812947025
S1-412322142	
S1-63483240	
S1-87629557	S3-966741951
S1-824497241	S2-22829646
S1-434394540	S3-230448189
S1-609321360	S3-74558443
S1-668570515	
S1-730056134	
S1-480618231	S3-380355768,S3-564329292
S1-512061782	
S1-423693606	
S1-185178410	
S1-263439286	S2-4232739,S3-414595522,S2-14307423
S1-939817324	
S1-299872961	
S1-489150871	
S1-327721063	
S1-908459723	
S1-530893963	
S1-353309711	
S1-632661	
S1-941910849	
S1-791903570	
S1-674034946	S2-807368633
S1-383072498	
S1-392680751	
S1-886410713	S2-820534194,S2-825335488,S2-114620172
S1-576026631	
S1-520755577	
S1-546016827	
S1-511625127	
S1-393893853	
S1-53315504	
S1-780657444	
S1-802008626	
S1-784767337	
S1-943588347	
S1-390156749	
S1-419310327	
S1-261712484	
S1-332038532	S3-794509275
S1-299757648	
S1-677784471	
S1-459646254	
S1-128529981	
S1-538906625	S3-270603453,S2-237139169
S1-593984963	
S1-400843225	
S1-307401723	
S1-358142684	
S1-360287687	
S1-168435914	
S1-142617224	
S1-767594289	
S1-749772691	
S1-915012299	
S1-301597581	
S1-646992426	S2-523455250
S1-379867156	S3-188256578
S1-730317167	
S1-579956023	S3-252558201
S1-135380992	
S1-186520981	
S1-624357376	
S1-716749254	
S1-992810732	
S1-740591954	
S1-698597073	
S1-660231479	
S1-45500106	
S1-810553776	
S1-965143546	
S1-85881461	
S1-141065642	
S1-570801124	
S1-623068949	
S1-499994140	
S1-38266485	S2-855262029
S1-225821127	
S1-145208186	
S1-269912237	
S1-750115519	
S1-302123324	
S1-890868537	
S1-19784253	
S1-895513600	
S1-9483814	
S1-239200882	
S1-682198820	
S1-288434786	S3-318119407,S3-337561025
S1-407291718	
S1-969183676	
S1-592223505	
S1-167541040	
S1-929119797	
S1-46050733	
S1-988474918	
S1-550462274	
S1-946728018	
S1-30969369	
S1-806469678	
S1-340929044	
S1-474819575	
S1-257854380	S3-495616060
S1-907741005	
S1-939246375	
S1-101345294	
S1-341454772	S3-124237779
S1-40634581	S2-389954912
S1-799122799	
S1-660827231	
S1-416759002	
S1-412314552	
S1-109879396	
S1-838095319	
S1-679262772	
S1-703198965	
S1-90658031	
S1-909805372	
S1-989484066	
S1-967370341	
S1-129649912	S2-339797754
S1-898892440	
S1-808357232	
S1-527377892	S2-202985848
S1-673857962	
S1-778985493	
S1-595472036	S2-684675943
S1-609132089	
S1-859096849	S3-754776967
S1-436761280	
S1-457441671	
S1-168579816	
S1-88131355	
S1-58720066	
S1-138123918	
S1-645051373	
S1-852746952	S2-429758945
S1-771739809	S3-106751245
S1-201803244	S3-123087177
S1-968260687	
S1-904675357	
S1-670024122	
S1-227387083	S2-311881558
S1-285525485	
S1-438794514	
S1-548551396	
S1-716556120	
S1-528725911	S2-607597140,S3-221502382
S1-654942035	
S1-476849388	
S1-60021177	
S1-995017704	
S1-976291326	
S1-991810960	
S1-74372500	
S1-824842989	
S1-893013585	
S1-585054452	
S1-206087357	
S1-898816403	S3-416992551,S2-71275812
S1-332124295	
S1-831730702	S3-782704898
S1-377552533	
S1-272264312	S2-571057203,S2-729114060
S1-129892519	
S1-905876733	
S1-554637969	
S1-597934947	
S1-605582777	
S1-315550175	
S1-938346828	
S1-779398643	
S1-23737654	
S1-956571747	
S1-969853581	S3-623584065,S2-277836233
S1-707570846	
S1-829962419	
S1-966754720	
S1-840076102	
S1-600163646	
S1-274171043	S3-683430545
S1-782407459	
S1-182764110	
S1-575790809	S3-128065548
S1-880118787	
S1-85946890	
S1-971540785	
S1-270383095	
S1-780328307	
S1-79663396	
S1-683726622	
S1-545439897	S3-684760256
S1-244429225	
S1-61703090	
S1-330295323	
S1-985449705	S2-927794674
S1-22597174	
S1-631549086	
S1-960742256	
S1-145998082	
S1-558522419	
S1-325149220	
S1-108557910	
S1-147484357	
S1-351802130	
S1-106650489	
S1-499859715	
S1-984227455	
S1-403913598	
S1-482470210	
S1-384631866	
S1-925677782	
S1-58164394	S3-726610392
S1-111274892	
S1-746420135	
S1-32381821	
S1-659391471	
S1-2960633	
S1-40288134	
S1-949836471	
S1-220451651	
S1-613122986	
S1-772710389	
S1-298807738	S2-129240841
S1-50385171	
S1-723901417	
S1-610412213	
S1-842511756	
S1-180487510	S3-627568539,S2-43448631
S1-443340438	
S1-880189660	
S1-396251666	
S1-581401870	
S1-282278883	
S1-40575601	
S1-421403554	S2-616620523
S1-569888508	
S1-177854050	
S1-726501460	
S1-470724996	
S1-961466350	
S1-181527560	
S1-523142141	
S1-65656488	
S1-326298723	S2-622880262
S1-167816884	
S1-927697785	
S1-497605477	
S1-753820545	S2-55150612
S1-426851265	
S1-450075799	
S1-815823191	
S1-827551261	
S1-349473741	S3-778944601
S1-253842216	
S1-232440249	S3-212666471
S1-568169802	
S1-820888791	
S1-917756446	
S1-153550756	
S1-460213440	
S1-403573671	
S1-968307732	S2-489351371
S1-944368058	
S1-975019924	S3-520304447,S3-968351535
S1-202982987	
S1-379258881	
S1-467440214	
S1-956326772	S2-411118603
S1-389076624	
S1-305423547	
S1-549831247	S3-695467037,S2-439083897
S1-331292393	
S1-925833015	
S1-301897410	
S1-101288782	
S1-974606350	
S1-526655872	
S1-749674499	
S1-399540611	
S1-470210205	
S1-575780392	
S1-393254246	
S1-577096226	
S1-778024568	
S1-869226390	
S1-767151399	
S1-493105989	
S1-679716373	
S1-683585846	
S1-447213733	S2-775268072
S1-120956667	
S1-344657823	
S1-101065652	
S1-253341805	
S1-84806591	
S1-561648223	S3-771054858
S1-283903865	
S1-902483718	
S1-285027455	S3-890780140
S1-745898048	
S1-971306981	
S1-950955658	
S1-168833019	
S1-768701763	
S1-147360313	
S1-940265748	
S1-836213318	
S1-727684902	
S1-139970150	
S1-883322322	
S1-586600476	
S1-998275763	
S1-711524965	
S1-195303321	S3-737270541,S2-440501903
S1-238049613	
S1-993886756	
S1-134680960	
S1-953974389	
S1-848769251	
S1-744429928	
S1-254458501	
S1-886749887	S3-668672848
S1-766702470	
S1-799766759	
S1-617539200	
S1-843328773	
S1-48555212	
S1-386799109	
S1-66463767	
S1-740577231	
S1-290330743	
S1-624506406	
S1-860752785	
S1-701347726	
S1-267923476	
S1-494999691	
S1-716496497	
S1-170044344	
S1-99366028	
S1-850689225	
S1-708179486	
S1-264867077	
S1-103603640	S3-283174577
S1-226765878	
S1-544574616	
S1-163199248	
S1-51712647	
S1-678714336	
S1-14590655	
S1-95048478	
S1-490621409	
S1-374370439	
S1-296318365	
S1-130107432	
S1-753363817	
S1-134268545	
S1-509662527	
S1-473619143	S2-531459446,S3-513945879
S1-209601925	S2-49912615,S3-454400132
S1-663240381	
S1-68969177	
S1-647085264	
S1-28202076	S2-596448995
S1-625132570	
S1-146010456	
S1-167544881	
S1-289748744	
S1-405398835	S3-786068794,S2-994880401
S1-329402682	
S1-9203284	
S1-32606339	
S1-665033941	
S1-710244820	
S1-53740831	
S1-365159918	
S1-47917623	
S1-246662398	
S1-567459995	S3-887253257
S1-39338335	
S1-30145091	
S1-323355858	
S1-412645901	S2-747794716
S1-211469312	
S1-405844469	
S1-12535009	
S1-192680930	S2-47806180
S1-561782103	S2-238769583
S1-326540421	
S1-827232258	
S1-565388096	
S1-181018686	
S1-993825898	
S1-945594481	
S1-765013100	
S1-430465114	
S1-1316220	S2-893789535
S1-545081979	
S1-474976185	
S1-355154132	S3-323248884
S1-178914643	S2-740789960
S1-69262658	
S1-66110181	S2-363249333
S1-398882539	
S1-352252773	
S1-38893223	
S1-410484734	
S1-446290958	
S1-435792131	
S1-120264251	
S1-124109173	
S1-500729674	
S1-225066771	
S1-130799827	S2-469827292
S1-215959876	
S1-820347203	
S1-495161719	S3-254267506
S1-252400699	
S1-8916278	S2-438843731,S2-114244732
S1-338885402	S2-119109798
S1-64182312	S2-230064979
S1-760504790	
S1-156383342	
S1-127863893	
S1-391080669	
S1-782795711	
S1-557248304	
S1-792666111	
S1-242015846	
S1-211453085	
S1-737138740	
S1-229438157	
S1-345127455	
S1-908240354	
S1-46766147	
S1-402461833	
S1-339003253	S3-249939136
S1-100008286	
S1-548594237	
S1-242797198	
S1-895796700	
S1-45058043	
S1-748999363	
S1-931896951	
S1-406808787	
S1-966767068	
S1-105731768	S3-402299583
S1-364749159	
S1-187126391	
S1-392103185	S2-572496074,S2-780695508
S1-639752761	
S1-569216886	
S1-819276106	
S1-530473577	
S1-762178967	
S1-811049482	
S1-900434563	
S1-554827477	
S1-619086763	
S1-571089053	
S1-115213180	
S1-220301212	S3-264326859
S1-938318500	
S1-964004141	
S1-638398912	
S1-425669930	S2-30398632
S1-66100421	
S1-969768282	
S1-576748460	
S1-792676367	
S1-960103618	
S1-357081171	
S1-990807476	
S1-614481438	
S1-393297283	
S1-813329439	
S1-632028811	S2-670025746
S1-499172076	
S1-620824479	
S1-873391152	
S1-487544642	S2-438407900,S3-549153175,S3-151415827
S1-926509163	
S1-999640509	
S1-378437386	S3-310703798
S1-330491590	
S1-209004158	
S1-446833619	
S1-884047476	S2-944668431
S1-697190877	
S1-587980858	
S1-92686915	
S1-988656293	
S1-186008680	
S1-375492522	
S1-914028145	
S1-876941556	
S1-780534616	
S1-831888585	
S1-395384726	
S1-755874758	
S1-478698527	
S1-397331959	S2-827485125
S1-993172998	S3-369628317
S1-821159543	
S1-866552884	
S1-719160733	
S1-999039698	
S1-218965670	
S1-791414761	
S1-226285472	
S1-775846052	
S1-329060761	
S1-865293035	
S1-186005668	
S1-232006513	
S1-251476374	S2-587882664
S1-959506157	
S1-856027678	
S1-523951456	
S1-899999277	
S1-253764010	
S1-591514309	S3-78951799
S1-263302858	
S1-324842438	
S1-782100710	
S1-558031831	
S1-119610953	
S1-936428437	
S1-372631240	
S1-639059599	
S1-125316834	
S1-516167205	
S1-989997242	
S1-942704661	
S1-9095428	
S1-347709390	
S1-271750792	
S1-670229399	
S1-81146969	
S1-534261759	
S1-197572656	
S1-691564239	
S1-113178937	S2-627960354
S1-325800882	
S1-331588854	
S1-374914397	
S1-4959696	
S1-87733183	
S1-718020261	
S1-896936114	S3-870889693
S1-416161986	
S1-300225522	
S1-756219459	
S1-531405541	
S1-357831211	
S1-535574128	S2-872730739
S1-446185513	
S1-997755322	
S1-688550798	
S1-55357412	S3-269360049,S3-886353512
S1-497591896	
S1-846405781	
S1-287435928	
S1-736861820	
S1-697017433	
S1-548759102	
S1-67912442	
S1-298965854	
S1-438816780	
S1-160815128	
S1-875510249	S2-498144618
S1-799031151	
S1-851624169	
S1-901307210	
S1-299223091	
S1-98503229	
S1-906973599	
S1-491456679	
S1-196459817	
S1-949699997	S3-540508523
S1-982740716	
S1-938460101	
S1-595987396	
S1-822365997	
S1-807086329	
S1-300002951	
S1-71871261	S3-118051606
S1-604276801	
S1-95642596	
S1-83609345	
S1-288150511	
S1-468666715	
S1-552370991	S2-965989206
S1-213582189	
S1-57083338	
S1-612731875	
S1-541132768	
S1-422059887	
S1-900498156	
S1-937603376	
S1-295458107	
S1-489700106	
S1-717594036	S2-537748315
S1-35830446	
S1-249081946	
S1-296747421	
S1-504739063	
S1-47076184	
S1-949118108	
S1-95134678	S3-995373787
S1-871954448	
S1-793769468	
S1-276587242	S2-622627656
S1-997980999	
S1-528624261	
S1-525546776	
S1-96411307	
S1-854604471	
S1-399015046	
S1-26969862	
S1-166514198	
S1-938603225	
S1-216951280	S2-957301644
S1-954870312	
S1-33633855	
S1-127122898	
S1-867424962	
S1-780967698	
S1-714305822	
S1-409338452	S3-73171981,S2-970379046
S1-523518772	
S1-992559917	S2-112746033
S1-910854535	
S1-503624130	
S1-275919696	S2-155515769
S1-818689798	
S1-278086944	
S1-906191733	
S1-394531194	
S1-206582263	
S1-766478183	
S1-857973690	
S1-702698727	
S1-298126057	
S1-254645041	
S1-824813910	
S1-891605073	
S1-785007694	
S1-100001013	S2-260334194
S1-326426575	
S1-149158698	
S1-978685754	S2-696347984
S1-320704283	
S1-756678793	S2-268387506
S1-309376608	
S1-64134094	S2-535362917
S1-699396660	
S1-388907595	
S1-104710287	
S1-224314375	
S1-238511987	S3-412311755
S1-485478351	
S1-862719760	
S1-860911148	
S1-948994682	
S1-523759213	
S1-709421031	
S1-608728311	
S1-454824429	
S1-774423013	
S1-570040433	
S1-102922003	
S1-811485024	S2-934607855
S1-65740505	
S1-186615153	
S1-509326700	
S1-430812614	
S1-773658449	
S1-731599119	
S1-150246913	
S1-262220585	
S1-535576190	
S1-249432315	S2-12983587
S1-377554135	
S1-798121478	
S1-86108270	
S1-199679305	
S1-508475094	
S1-571433476	
S1-77261642	
S1-820069775	
S1-380125186	
S1-581242832	S3-891963155,S3-379495927,S3-550156966,S2-121335340
S1-2133346	
S1-912495054	
S1-390535820	S3-723012488
S1-47530758	
S1-818457507	
S1-180608333	
S1-548260333	
S1-337063643	S3-218893492
S1-754601253	
S1-132733157	S3-651244806
S1-51972223	
S1-220585528	
S1-458025259	
S1-188461343	
S1-147117513	
S1-622951992	
S1-878104970	
S1-915109494	
S1-235731858	
S1-100806656	S3-328339096
S1-913633043	
S1-59216675	
S1-236732373	
S1-595646919	
S1-854115661	
S1-260217294	
S1-426393280	
S1-469130492	S3-609572662
S1-960207970	
S1-827082942	
S1-585954915	
S1-864411141	
S1-569418645	
S1-286799768	
S1-890172309	
S1-195297028	
S1-910268063	
S1-248626254	
S1-818002187	S3-668801873
S1-322244076	
S1-840777660	
S1-489856698	
S1-518737145	
S1-966952715	
S1-555627162	S2-375744531,S3-191728867
S1-98557408	
S1-538063969	
S1-76470258	
S1-302571770	
S1-100878916	
S1-742289771	
S1-998724522	
S1-477080482	S2-536665427
S1-437608945	
S1-661778977	
S1-250257280	
S1-268152225	
S1-314016218	
S1-812758615	
S1-327225651	
S1-45426858	S2-293301379
S1-177718769	
S1-505600692	
S1-272659740	
S1-290662543	
S1-600054111	
S1-237073722	S3-778491668
S1-457573616	
S1-565474162	S3-91421172
S1-300858656	
S1-53962431	
S1-977105244	S2-260990502
S1-324815517	
S1-613627448	
S1-982533683	
S1-701506129	
S1-670044427	
S1-122604602	
S1-247422725	
S1-565652868	
S1-46408445	
S1-454917688	
S1-432172821	
S1-246806836	S3-8146535,S3-902316578,S3-759656776,S2-234441452
S1-907819	
S1-408448929	
S1-894311178	
S1-346491552	
S1-919110909	
S1-182613182	S2-217879135
S1-111433465	
S1-191461264	
S1-95489207	S3-945471056
S1-126495402	
S1-208647567	
S1-122844150	
S1-784125164	
S1-970724790	
S1-380420006	S3-524378184
S1-476818348	
S1-152157670	S3-922269085
S1-161329597	
S1-142462036	S2-882349856
S1-339473623	
S1-871234044	
S1-277951436	
S1-591387384	
S1-202907596	
S1-833780282	
S1-391165923	
S1-410913595	
S1-646285832	
S1-586968220	
S1-682164461	
S1-310270692	S3-296812318
S1-848277744	S3-417328003
S1-608413139	
S1-262784993	
S1-684935016	
S1-627334749	
S1-557702311	
S1-368467836	
S1-467340110	
S1-707886941	
S1-432680266	
S1-139318710	
S1-949994634	
S1-182985134	
S1-663023367	
S1-213745480	
S1-212993664	
S1-776882588	
S1-98701828	S2-221043747
S1-890891276	
S1-80640108	S3-610449244
S1-833762402	S3-560436397,S3-523306175
S1-675172323	S3-381038037
S1-944301004	
S1-672333386	
S1-175568007	S3-615072152
S1-129322774	
S1-522088074	
S1-997818433	
S1-845745818	S2-767855390
S1-935827559	
S1-972128964	
S1-451975114	
S1-69615270	
S1-982176378	
S1-473004252	S2-975634107
S1-641233769	
S1-148202784	
S1-410224881	
S1-87645145	
S1-940385146	
S1-142581327	
S1-37893446	S2-792030593
S1-445690696	
S1-581101802	
S1-909237946	
S1-16221584	
S1-337046822	
S1-225682296	
S1-748171633	S2-482535830
S1-319899227	S2-627526793
S1-191926885	
S1-323754565	S3-265675448
S1-974481356	
S1-408050079	
S1-866527150	S2-693664380,S3-226399380,S3-977562125,S3-820567779
S1-664815003	
S1-600635119	
S1-628119316	
S1-847253281	
S1-569500767	
S1-675898345	
S1-541864170	
S1-169639920	
S1-966596698	
S1-542844896	
S1-328678565	
S1-658263958	
S1-42558544	S3-133755553
S1-736586052	S3-544504006
S1-463709711	
S1-359486262	
S1-940659527	
S1-438657353	S2-641698354
S1-955070119	
S1-931455678	
S1-702993102	S3-161443653
S1-648525486	
S1-53776824	
S1-305608842	
S1-203456135	
S1-118164193	
S1-706889401	
S1-149226363	
S1-74350123	
S1-243249266	
S1-849708978	
S1-92443854	
S1-792042587	
S1-703127803	
S1-420060596	S2-903629564
S1-106516975	
S1-389560903	
S1-951002522	S2-944189017
S1-625526855	S2-489580081
S1-275206621	S3-653770374
S1-408048521	
S1-487760943	
S1-130083367	
S1-337713517	
S1-269546150	
S1-705297475	
S1-417579161	
S1-158522303	
S1-725924924	
S1-982431537	
S1-530407845	
S1-510555974	
S1-582501671	
S1-934186483	
S1-618852793	S3-255524946
S1-187604156	
S1-737576250	
S1-141714927	
S1-443638650	S2-609770355
S1-687751977	
S1-314050697	S2-29914156
S1-242876210	
S1-34622228	
S1-959341879	
S1-190686003	
S1-997441948	
S1-285639508	S3-950006740
S1-870055051	
S1-335511676	S2-383608832
S1-6483748	
S1-572923775	
S1-489844323	
S1-674372769	
S1-806117343	S3-651897764
S1-600832680	
S1-400295038	
S1-872067541	
S1-100351177	
S1-695316246	
S1-762826054	
S1-165017390	
S1-100391217	S2-400558334
S1-398087557	
S1-221126540	
S1-22835271	
S1-554672571	
S1-136457540	
S1-52018596	
S1-310410289	
S1-855427330	
S1-146506948	
S1-373069424	
S1-108578591	S2-988953033,S2-955782960
S1-383675608	
S1-759449426	
S1-668351577	
S1-768222289	
S1-974222842	
S1-189267603	
S1-59821230	S2-781974360
S1-145760486	
S1-848544650	S3-775000100
S1-151016093	
S1-117530736	
S1-218472386	
S1-153967018	
S1-537386874	
S1-549145106	S3-990667795,S2-802300106
S1-535274675	
S1-311581558	
S1-288637575	
S1-478305648	
S1-419167985	S2-76959334
S1-13271311	
S1-57988189	
S1-216815533	
S1-387272817	
S1-700688546	
S1-498915790	
S1-667969446	
S1-701398899	
S1-59599699	
S1-391179277	
S1-681638163	S3-815813013,S3-606858934,S2-555296460,S3-459002494
S1-899601522	
S1-764831520	
S1-226621302	
S1-629692616	
S1-593366662	
S1-981848387	S3-414430919
S1-706644806	
S1-558955626	
S1-565093200	
S1-779562304	
S1-431503119	S2-66484073
S1-596465283	
S1-193298684	S2-991230431,S3-784550479
S1-448675296	
S1-851960912	
S1-859011741	
S1-936496229	
S1-858995002	
S1-253228911	
S1-974797158	
S1-585422418	
S1-550433297	S2-255048237
S1-172624374	
S1-694493414	
S1-682204865	
S1-43950163	
S1-814936380	S2-277329746
S1-255375689	
S1-557190962	S2-942131235
S1-800219396	S3-758365583
S1-641805519	
S1-14166441	
S1-25258026	
S1-267681204	
S1-349256624	
S1-204220236	S3-130217719
S1-304702556	
S1-408690343	
S1-936108535	
S1-292191360	
S1-140076091	
S1-532561724	
S1-63280538	
S1-858411823	
S1-841241425	
S1-894878348	S2-806576321
S1-890723523	S3-203741822
S1-356003555	
S1-812950928	
S1-129255379	
S1-967374650	
S1-91956653	
S1-603738003	
S1-85309935	
S1-23739248	
S1-556834564	
S1-175933020	
S1-950077086	
S1-249841034	S2-217663273
S1-499325579	
S1-940512614	
S1-697439906	
S1-723828326	
S1-778244113	
S1-565722844	
S1-494854007	
S1-502491032	
S1-632381634	
S1-747246627	
S1-725389781	
S1-923129184	
S1-377155927	
S1-887248607	
S1-882115684	
S1-291046519	S3-319396702,S3-504281343
S1-913517429	
S1-879964094	
S1-66140787	
S1-949968103	S3-517283331,S3-296590504,S2-321821436
S1-595193180	
S1-975000506	
S1-460135766	
S1-878329557	
S1-976577924	
S1-712256905	
S1-712384423	
S1-586625863	
S1-280153038	
S1-678352697	S3-430263970
S1-599041683	
S1-626194154	
S1-674152545	
S1-957393934	
S1-614729783	
S1-861112635	
S1-2518559	
S1-392307693	
S1-715248285	
S1-332250534	S2-241800075
S1-8592727	
S1-655485089	
S1-222055043	
S1-263515092	
S1-502479405	
S1-602776535	
S1-227569429	
S1-405377573	
S1-736908036	
S1-566827742	
S1-557597250	
S1-893568155	
S1-481899569	
S1-50203664	
S1-406828803	
S1-348584643	
S1-443979345	
S1-494254091	
S1-815865806	
S1-662009462	
S1-849113207	S3-523038902
S1-880078883	
S1-19743020	
S1-849431510	
S1-51872413	
S1-377106707	
S1-347582589	
S1-102333140	
S1-281974866	
S1-462127783	
S1-589164845	
S1-524420054	
S1-798881449	
S1-361476777	
S1-206375654	S2-863645089
S1-189037468	S3-221733888
S1-155896986	
S1-866780694	
S1-873363643	
S1-890954621	
S1-110223380	
S1-935201161	
S1-425468621	
S1-956926603	
S1-95518812	
S1-767480001	
S1-717093593	
S1-224030494	
S1-495168493	
S1-865673921	
S1-579375126	S2-716388358
S1-311648343	
S1-255607400	
S1-168052536	S2-41595121
S1-99439433	
S1-977882225	
S1-383264487	
S1-236425063	
S1-212660452	
S1-84372060	
S1-725825062	
S1-509479502	
S1-901945655	S2-381112469
S1-834618311	
S1-601532250	
S1-143114688	
S1-291825336	
S1-294362589	
S1-904337779	S3-153549432
S1-651745373	
S1-597459483	
S1-132623457	
S1-984069450	
S1-112031881	
S1-656106990	
S1-850473653	S2-395240752
S1-895627273	
S1-426303941	S2-739778624
S1-743327361	
S1-123186779	
S1-945810509	
S1-187341575	
S1-691942149	S3-249812763
S1-700265461	
S1-410189805	
S1-75406346	
S1-699020262	S2-123841219
S1-418827967	
S1-495187632	
S1-776471485	
S1-769790054	
S1-573469642	S2-821725729
S1-40666088	
S1-733253266	S2-410272376,S3-561586840
S1-107600713	
S1-512392979	
S1-492065888	
S1-590242212	S2-198935377
S1-491945425	
S1-76786731	
S1-620822887	
S1-829812600	
S1-12071108	
S1-841240833	
S1-262149346	
S1-562082622	
S1-16322736	
S1-345678505	
S1-71045238	S3-511110854
S1-128769565	S3-990205789
S1-523387142	S2-318370052
S1-82408536	S2-762446516
S1-775469123	S3-997803122
S1-308857400	S2-304595738
S1-676410741	
S1-647841811	
S1-883226754	S3-430840031
S1-431563225	
S1-344820073	
S1-222122183	S2-565503894,S3-625600619
S1-107045645	
S1-258134156	
S1-143017625	
S1-602816642	S3-74265863
S1-908257679	
S1-208528895	
S1-313880866	
S1-695319893	
S1-282093155	
S1-679287742	
S1-860854520	
S1-708174228	
S1-916054235	S3-936384766
S1-824391825	
S1-640077399	S2-982597097,S2-366886784
S1-326017641	
S1-404785963	
S1-712182788	
S1-695741922	S2-652874575
S1-527127677	
S1-942124681	
S1-597057125	
S1-382597535	
S1-998022450	
S1-253748248	
S1-960210000	
S1-46978891	
S1-496011256	
S1-86950494	
S1-26672670	
S1-899038647	
S1-784156170	
S1-324230068	S3-997910248
S1-805318315	S2-181072936
S1-770119085	
S1-863441169	
S1-982921219	
S1-362740921	
S1-49160248	
S1-736458314	
S1-862887059	
S1-314565246	S3-850190987
S1-104295320	
S1-211640933	S2-795342866
S1-919066981	
S1-446081887	
S1-640804264	
S1-657778090	
S1-146781377	
S1-489904789	
S1-805314778	S2-995699234
S1-538367640	S2-837405237,S2-819877847
S1-250262485	
S1-312594828	
S1-278296950	
S1-87684062	
S1-75401441	
S1-402695769	
S1-825144815	S3-195980854
S1-655305447	
S1-85781827	S3-722225455
S1-744503695	
S1-307647593	
S1-843896386	
S1-840335586	
S1-317505714	
S1-821020528	
S1-367316635	
S1-107264187	
S1-837238711	
S1-528316018	
S1-573999614	
S1-859289354	
S1-161374703	S3-931605764
S1-951954495	S3-484824726
S1-872172831	
S1-92699273	S3-432222221
S1-12916848	
S1-208672644	
S1-623236560	
S1-110697959	
S1-298861277	
S1-932346995	
S1-192313958	
S1-789555826	
S1-825195426	
S1-641057645	
S1-602947966	S3-668347514
S1-111315113	
S1-124549667	
S1-294412384	
S1-347774910	
S1-483600855	
S1-247344894	
S1-841999637	
S1-523465361	
S1-646491623	
S1-98087342	
S1-561722218	
S1-165798825	S2-771952282
S1-784834520	
S1-408656810	
S1-588204968	
S1-130407781	S2-28702932
S1-103455772	
S1-556678334	
S1-320083760	
S1-857907600	
S1-956771899	
S1-152478722	
S1-766458471	
S1-582801970	
S1-636366226	
S1-378019582	
S1-883666683	
S1-817834398	S3-812484262
S1-735749762	
S1-19058899	
S1-576383086	
S1-59214114	
S1-740866795	
S1-402237870	
S1-33469788	
S1-573218240	
S1-117910695	
S1-578440659	S2-968838891
S1-716162424	
S1-14485557	S3-187616766
S1-198831963	
S1-538190598	
S1-239454253	
S1-647369072	
S1-664797634	S2-764130557
S1-955096699	S2-370139396
S1-817243215	
S1-299040473	
S1-843087323	
S1-548193693	
S1-559280579	
S1-145298098	S3-289308825,S2-758008651
S1-633368632	
S1-219070793	
S1-201634470	S3-541330885,S2-743773408
S1-64816936	
S1-599469685	
S1-390935449	
S1-747022317	
S1-275418480	
S1-860027505	
S1-253437468	S3-274309832
S1-396841382	
S1-700740655	
S1-288829937	S3-478048583,S2-604578864
S1-69216203	
S1-187527535	S2-601693223,S3-68554500
S1-813958760	
S1-429123556	
S1-95395356	
S1-984912230	
S1-375869671	
S1-844130220	
S1-14520589	
S1-768718428	
S1-734578737	
S1-465820023	S3-386988313
S1-631784969	
S1-315970650	
S1-514813633	
S1-647436044	
S1-75887157	
S1-4560837	S2-645108962
S1-306269546	
S1-801607503	
S1-623969728	
S1-432808639	S3-703614775
S1-740649247	
S1-741102323	
S1-978198308	
S1-148192213	
S1-988442368	
S1-410829511	
S1-728650587	
S1-575225705	
S1-33674691	S2-175014014
S1-157645665	
S1-793426903	
S1-368107963	
S1-690774156	S3-419487157
S1-952584387	S3-254226096
S1-106367878	
S1-19999310	
S1-261755347	
S1-90677998	
S1-296475949	
S1-986109751	
S1-893963652	S2-896679874,S2-1888597,S3-239737320,S2-93531246,S3-455983941
S1-358229371	
S1-990151164	
S1-532536826	
S1-514162443	S2-74755667,S3-350234070
S1-878748289	S2-15432680
S1-523858482	
S1-795687289	
S1-710974095	
S1-753168496	
S1-440450100	
S1-383753180	
S1-487628017	
S1-135825769	
S1-830682182	S3-641832093,S3-118345324,S3-466287174
S1-93855317	
S1-679620266	
S1-315554800	
S1-709409788	
S1-212711528	
S1-109171989	
S1-751130020	
S1-326947770	S3-110889192,S2-591750131
S1-57191013	
S1-277543673	
S1-370171745	
S1-424697999	
S1-261399714	
S1-329576886	
S1-756361823	
S1-425833106	
S1-120546708	S3-855188371
S1-489572007	
S1-295615888	
S1-876429117	
S1-402942618	S3-11102358
S1-702541495	
S1-922672444	S3-415066423
S1-545744374	
S1-119272721	
S1-715766229	
S1-582282410	S3-532754103
S1-719960253	S3-639754510
S1-5465369	
S1-510191438	
S1-607726029	
S1-341910195	S2-818900780
S1-184823856	
S1-77141970	
S1-98361920	
S1-720667411	
S1-747820930	
S1-994131914	
S1-332985482	
S1-585788967	
S1-168519466	
S1-267159674	
S1-55901476	S3-885366569
S1-432214086	S2-417404518
S1-806210581	S3-10780808
S1-984295197	S3-522083111
S1-476768277	
S1-330332950	
S1-364149928	
S1-164508118	S3-16560021
S1-974922913	
S1-416082910	
S1-947185019	S3-732842150,S2-205140072
S1-28349159	S2-498341282
S1-947703140	
S1-701822561	
S1-346985857	
S1-190969485	
S1-329621697	
S1-772540879	
S1-493035129	
S1-468924668	S2-191437126
S1-763898580	
S1-766150425	
S1-869916205	
S1-729050995	
S1-435207880	
S1-298768253	
S1-783588759	S2-766132487
S1-662081001	
S1-906609242	
S1-164328466	
S1-930727838	
S1-86120968	
S1-716051843	
S1-321625581	
S1-188519373	
S1-500253552	S3-381644590
S1-533433107	
S1-199374070	
S1-557609721	
S1-47853968	
S1-770896149	
S1-581612127	
S1-404875276	
S1-293936036	
S1-120363107	S3-717094828
S1-150623438	S3-560896112,S2-234719333
S1-506847391	
S1-565233320	
S1-764540005	
S1-467144231	
S1-610319304	
S1-761398899	
S1-609361258	
S1-393250053	
S1-873638282	
S1-920584705	
S1-804649520	
S1-903376974	
S1-486203435	
S1-351158601	
S1-945069949	S3-145022721
S1-127080144	S2-319318566
S1-183572769	S2-804550400
S1-24370306	
S1-168861272	
S1-926166663	S2-736429917
S1-216620578	
S1-323453975	
S1-70746713	
S1-646638805	
S1-688503946	
S1-220768383	
S1-396111683	
S1-704897756	
S1-210626553	
S1-857861833	S3-177437503
S1-417105411	
S1-54068192	
S1-172873778	
S1-236738301	
S1-302199672	
S1-966404985	S3-18118813
S1-485443279	
S1-142149537	
S1-818339619	S2-600333818
S1-222082576	S2-712735859
S1-530236479	S3-943112316
S1-188580462	
S1-478743157	
S1-242561242	
S1-637087206	
S1-411860448	
S1-620613391	
S1-776657121	
S1-774903267	S2-53728071
S1-65920450	
S1-114792560	
S1-663238745	S3-887145735
S1-891921526	
S1-854725423	
S1-639886995	S2-541458942
S1-318258283	
S1-512606722	
S1-385168674	
S1-135591804	
S1-258570654	
S1-173421825	
S1-37142919	
S1-955995916	
S1-168375487	
S1-137079090	S2-425114791
S1-586078352	
S1-473031289	
S1-659054524	S3-383320249
S1-204339132	
S1-284495478	S2-587336517,S3-640278140
S1-226010363	
S1-782537044	
S1-26177236	
S1-711051634	
S1-493738036	S3-157614550
S1-614581243	S3-532216074
S1-552306531	
S1-962080128	
S1-568118782	
S1-46661460	
S1-250290163	
S1-521560773	
S1-808526425	
S1-881714519	
S1-432975261	
S1-642153199	
S1-202043286	
S1-343279979	
S1-820376166	
S1-351399220	
S1-808118	
S1-295594865	
S1-619665007	
S1-142847145	
S1-185038113	
S1-375794294	
S1-166404497	
S1-702508556	
S1-935167165	
S1-507982418	
S1-55028899	
S1-398682798	S2-710751676
S1-599958482	
S1-94409554	
S1-278329531	
S1-735474166	
S1-388397362	S3-581735124
S1-969944942	
S1-557457909	
S1-186467425	
S1-567872442	
S1-437977984	
S1-74540631	
S1-394791427	
S1-273644230	
S1-799413212	
S1-619006891	
S1-309874414	
S1-112825032	S2-970168426
S1-629318863	
S1-513937804	
S1-298431923	S3-649777233
S1-773206376	
S1-380838390	
S1-195482856	
S1-615848987	
S1-404745	
S1-354402476	
S1-500129480	
S1-627104863	
S1-275335978	
S1-595708669	
S1-133808786	S2-369283469
S1-496511189	
S1-880696147	S2-273608129
S1-164031619	S2-597691948
S1-564494661	S2-792582863
S1-895096311	
S1-458881761	
S1-580520572	S2-920915111
S1-397880287	
S1-23609279	
S1-598827554	
S1-352290114	
S1-78227633	
S1-328343511	
S1-82846932	
S1-688924764	
S1-651411040	
S1-250915366	
S1-166689640	S3-711420993
S1-427066018	
S1-755621584	S3-472616281
S1-681067993	
S1-154710447	S2-247458399
S1-656776677	
S1-803952095	
S1-174360953	S2-949885648
S1-250580996	
S1-818004065	
S1-54648999	
S1-842715732	
S1-58772432	
S1-672648007	
S1-52334934	
S1-501869788	
S1-25401835	
S1-357211435	
S1-516113505	
S1-55125146	
S1-176505009	
S1-584256746	
S1-798744940	
S1-530967208	
S1-13276103	
S1-294331211	
S1-117198805	S3-222172738
S1-670761526	
S1-399239692	
S1-950520200	S3-971701714
S1-289900048	
S1-836830232	
S1-802785428	S3-384013398
S1-556549945	S3-585247122
S1-639148532	
S1-896281550	
S1-736174197	S3-363809535
S1-46648511	
S1-164882807	
S1-555862790	
S1-419432003	
S1-767909893	
S1-139368305	
S1-659742355	
S1-892742092	S3-266273215
S1-263634493	
S1-87005397	
S1-501164231	
S1-901193904	
S1-58723069	
S1-62398214	
S1-599281733	
S1-236567455	S3-556412560
S1-157360621	
S1-824074486	
S1-885299295	
S1-683452472	
S1-783820983	
S1-554755532	S3-837236975
S1-182107906	S2-260993426
S1-22919553	
S1-110402624	
S1-538736065	
S1-756241811	
S1-768432589	
S1-919436881	
S1-783934051	S2-873166793,S3-226117600
S1-356606897	
S1-989126202	
S1-901187669	
S1-288194252	
S1-53241535	
S1-727914881	
S1-287726672	
S1-311696728	
S1-442030879	
S1-901608678	
S1-973837507	
S1-561939421	
S1-779600898	
S1-379206612	S3-396299618,S3-633820332
S1-665706030	
S1-50369162	
S1-474778612	
S1-268326211	S3-876348671
S1-728955821	
S1-259863767	
S1-265389077	S3-972329470
S1-269146152	
S1-998683394	
S1-886548750	
S1-247342797	
S1-872115768	S2-799516897
S1-758208953	
S1-640330644	
S1-683577711	
S1-692115062	
S1-389862246	
S1-550955613	S3-266709443
S1-8463537	
S1-240355672	S2-968942922
S1-108350268	
S1-718148031	
S1-672334537	
S1-671157676	
S1-566079242	
S1-415575072	
S1-121185672	
S1-166485620	
S1-348301912	
S1-445624843	
S1-291917910	
S1-443306003	S3-476329316
S1-210176901	
S1-993186097	S3-17619947
S1-836677106	
S1-453191495	S3-241992755
S1-732123810	
S1-846495921	
S1-481477378	
S1-678946132	
S1-645765049	
S1-870138016	
S1-716019649	
S1-313456137	S2-292034097
S1-746789065	
S1-163063758	S2-627389019
S1-985759654	
S1-16613921	
S1-478370392	S3-584088119,S2-426217535
S1-377912165	
S1-861773249	
S1-963166338	
S1-946813064	
S1-355097923	
S1-812767777	
S1-285635356	
S1-981297223	
S1-418883068	
S1-189149514	S3-97875555
S1-818964495	
S1-580587824	
S1-839835467	
S1-978863236	
S1-903841978	
S1-843847028	
S1-239238169	
S1-354775558	
S1-140103063	
S1-193318394	S3-822227330
S1-48393462	
S1-453873896	
S1-443495939	
S1-354068201	S3-394355934,S2-319008745
S1-757483059	S2-764954325
S1-110993944	
S1-350651123	
S1-296995101	S3-859626111
S1-448857014	
S1-970584992	
S1-376962291	S2-633053281
S1-461400809	
S1-637871342	
S1-581658494	
S1-716159861	
S1-712865080	
S1-911023258	S3-359594798
S1-154583711	S2-122386309
S1-517506750	S3-982673651
S1-531489605	
S1-409325038	S3-595840780
S1-138937333	S2-267880788,S2-387948282
S1-226955622	S3-226897949,S3-783064017,S2-834726550
S1-576317893	
S1-110262371	
S1-593224947	
S1-753814878	
S1-372135901	S3-444862460,S2-729153543
S1-100551577	
S1-787519328	S3-886746658
S1-760897557	S2-636648971
S1-309399777	
S1-341755779	S3-594577661
S1-875391483	
S1-833111919	
S1-455077175	
S1-613689189	
S1-92003172	
S1-515261844	
S1-158915636	
S1-198810906	
S1-53510626	
S1-107132645	
S1-372430046	
S1-758747318	
S1-91349211	
S1-849562095	
S1-767309498	
S1-447371167	
S1-470702757	
S1-947214649	
S1-133731199	S3-331239420
S1-912228160	
S1-47082302	
S1-25944142	S2-233340688
S1-708817542	
S1-242437389	
S1-535410386	
S1-794892453	
S1-895351191	S3-320668942
S1-167066990	S3-123000731
S1-716627291	
S1-316795082	
S1-630469356	S3-458899450
S1-837566980	
S1-667798177	
S1-508800258	S3-237204028
S1-709889809	
S1-709989876	
S1-334521212	S3-642690224
S1-300345714	
S1-163455118	
S1-574077731	
S1-286059123	
S1-54489075	S2-353205303
S1-241635997	
S1-373032273	
S1-858434019	S3-508738266
S1-453398467	S2-783264897
S1-555188493	
S1-206877163	
S1-637376441	
S1-769395801	
S1-704946532	
S1-751335138	
S1-295626468	
S1-693440771	
S1-589182925	
S1-448086425	
S1-751727947	
S1-933503271	
S1-945866862	
S1-859886026	S2-188563444
S1-156993409	
S1-8496157	S2-944818817
S1-855309904	
S1-506200895	S3-260498784,S3-874398341
S1-487719241	
S1-916756030	
S1-300994647	
S1-990708450	S2-74040128
S1-478898554	
S1-920518802	
S1-264726722	
S1-83029302	
S1-942280762	S3-266799194
S1-653879564	
S1-597798594	S3-519808387,S3-638308920
S1-728511574	S3-826363768
S1-808272138	
S1-253444483	
S1-385608684	
S1-464008692	
S1-212726259	
S1-858598837	
S1-117176087	S3-698808016
S1-588226683	
S1-378290570	
S1-829998566	
S1-714297141	
S1-324105323	
S1-880660064	
S1-86046176	
S1-311705793	
S1-915335869	
S1-410497168	
S1-56538684	
S1-786438293	S3-624302159
S1-813312236	S3-973792437
S1-7876746	
S1-169826647	
S1-572394240	
S1-394425625	
S1-200482832	
S1-895423304	
S1-500884264	
S1-677100321	S3-169212240
S1-101110441	
S1-151181733	
S1-259137369	S2-527033199
S1-103681496	
S1-930898605	
S1-767656817	
S1-429259937	
S1-328639600	
S1-767243771	S3-285636771,S3-904810013
S1-457675742	
S1-314045396	
S1-289198371	
S1-264545108	
S1-314437481	
S1-16437446	
S1-898654563	
S1-934904455	
S1-870824425	S2-863451425
S1-456921572	
S1-368102501	
S1-546519541	S2-792433127
S1-911570538	S2-228750309
S1-20885057	
S1-161889412	
S1-384081204	
S1-268037495	
S1-928091205	
S1-107754517	
S1-528127269	
S1-208737658	
S1-384161245	
S1-676295810	
S1-932083424	
S1-184346407	
S1-931192901	
S1-222639138	
S1-611011963	
S1-393384078	
S1-998477865	
S1-187140040	
S1-734897094	
S1-955201418	
S1-230285799	
S1-169833017	
S1-229931738	
S1-588956614	
S1-220363926	
S1-963847550	
S1-750468035	
S1-280250507	
S1-713610448	
S1-132008371	
S1-27853707	
S1-966077710	
S1-88923017	
S1-261159268	
S1-288760936	
S1-375087981	
S1-598775255	S3-577514787,S3-674600074
S1-619516710	
S1-969002321	
S1-473556091	
S1-829521514	
S1-268531725	
S1-962438932	S3-395399314
S1-765294631	
S1-12884749	
S1-955356474	
S1-260090798	
S1-224099904	
S1-905626453	
S1-308421354	
S1-534804557	S3-89179511
S1-221804079	
S1-648217987	
S1-933935699	
S1-368712800	S3-739756790,S3-503609255
S1-490691564	S3-653089307
S1-470437103	S3-31624204,S3-874137894
S1-883685514	
S1-954253070	
S1-587687	
S1-621437001	
S1-307853830	
S1-612886659	S3-424549405
S1-699431120	S2-962861250
S1-580022119	
S1-442766549	
S1-365687857	
S1-323042249	
S1-284359190	
S1-435552323	
S1-478542368	S3-143894630
S1-704491207	
S1-472452825	
S1-4526156	
S1-492963737	
S1-821767678	
S1-983333628	
S1-261453974	
S1-809655316	
S1-737872282	
S1-513003776	
S1-197759349	
S1-300037395	
S1-544675023	
S1-550372634	
S1-85973944	
S1-79933312	S3-449143543
S1-365670328	
S1-656660693	
S1-98996560	S3-638989833
S1-825609226	
S1-193277849	
S1-265187328	S3-385154515,S3-370413320
S1-972402065	
S1-298733165	S3-11770675
S1-46959978	S3-271816365
S1-957280325	
S1-781454244	S2-777139657
S1-343085187	
S1-598001913	
S1-916950068	
S1-636315276	
S1-788642129	S3-693298656
S1-504580167	
S1-950324828	
S1-778730908	
S1-238064310	
S1-390787870	S2-594105309
S1-28960009	
S1-594156779	
S1-525719030	
S1-888575900	
S1-573261248	
S1-227258150	
S1-632241024	
S1-407130929	S2-774402962
S1-914409132	
S1-707843946	
S1-714558730	
S1-586881722	
S1-79744759	
S1-718416533	
S1-61724535	S3-831672082
S1-661482782	S2-753092314
S1-175864496	
S1-190719878	S3-1222456
S1-426067146	
S1-504653974	S3-402532285
S1-104999072	
S1-139982749	S3-272420206
S1-642068081	S3-433414840
S1-607813816	
S1-331902949	
S1-306547685	
S1-136950022	S3-115612432
S1-331172892	S2-766248719
S1-421983413	
S1-200270306	
S1-82026775	
S1-122735057	
S1-97587419	S3-412022531,S2-643867296
S1-839580663	
S1-387722599	
S1-706211118	
S1-42204689	
S1-200519839	
S1-566718205	
S1-958827047	S3-813289554
S1-479633289	
S1-8009613	
S1-601183474	
S1-720691339	
S1-879953562	
S1-43726220	
S1-849395041	
S1-31482797	
S1-118444306	
S1-581762982	S2-681864504
S1-361570958	
S1-745420046	
S1-667498853	
S1-761368210	
S1-712899004	
S1-269607787	
S1-375275040	
S1-484733175	
S1-355759376	S2-96383329,S2-158625552
S1-449048029	S2-866664830
S1-306033983	
S1-414209527	
S1-508071549	
S1-674290297	
S1-20782995	
S1-560153755	
S1-100698147	
S1-603145809	
S1-505631943	S3-335351068
S1-950116442	
S1-306476514	
S1-513436835	
S1-717298205	
S1-876738555	S2-973432207
S1-400189257	
S1-389138235	
S1-622300702	
S1-776075546	
S1-636486756	
S1-967995936	
S1-439658579	
S1-552151920	S2-102160962
S1-486989946	
S1-581190624	S3-71121803
S1-248423977	
S1-47234418	S3-350447924
S1-971945009	
S1-977552001	S2-589180167
S1-42715547	
S1-334062268	
S1-345994167	
S1-986660092	
S1-279591206	
S1-478303078	S3-23474618,S3-691441404,S3-493490896
S1-654421169	
S1-415265881	
S1-94224060	
S1-705503907	
S1-7398899	
S1-390137317	
S1-413289021	S3-791997327,S2-810750480,S2-128108444
